{
  "base": [97.27438596546637, 0.9982654236594924, 285.3112294079308, 1],
  "accent": [46.16696264296938, 52.15546921137435, 304.9884179326438, 1],
  "contrast": 30,
  "sidebar": {
    "accent": [46.16696264296938, 52.15546921137435, 304.9884179326438, 1],
    "base": [11.757916154087802, 0.00000247232466595499, 139.08833732224647, 1],
    "contrast": 23
  }
}
