{
  "base": [100.00000139649632, 0.000010331815288315629, 139.08833708507368, 1],
  "accent": [91.6387589322841, 2.084420987874093, 94.86574795370964, 1],
  "contrast": 30,
  "sidebar": {
    "base": [96.89975740336104, 1.5705263222184938, 91.68281853713383, 1],
    "accent": [91.6387589322841, 2.084420987874093, 94.86574795370964, 1],
    "contrast": 30
  }
}
