{
  "base": [17.252408696973355, 8.23790283975425, 280.68438413225107, 1],
  "accent": [43.29866924078024, 79.92390747977805, 303.82388034859906, 1],
  "contrast": 50,
  "sidebar": {
    "accent": [72.49419579503072, 43.869544485831014, 344.42551813512165, 1],
    "base": [30.45557788323979, 11.983447878726658, 281.10721783109096, 1],
    "contrast": 80
  }
}
