{
  "base": [97.57900666451974, 0.000010116183725206621, 139.0883373510668, 1],
  "accent": [55.822505058174144, 83.7659251839472, 305.3149594154233, 1],
  "contrast": 30,
  "sidebar": {
    "base": [78.51233874368843, 25.847319878550056, 275.65247578510656, 1],
    "accent": [55.822505058174144, 83.7659251839472, 305.3149594154233, 1],
    "contrast": 30
  }
}
